FechaHora,Fecha,Hora,Punto,Foto,Individuos,Clase,Especie,Observaciones,
15/04/2023 12:18:00,15/04/2023,12:18:00,QC05_3,IMG_0001,1,,Ave_sp,,
15/04/2023 16:12:00,15/04/2023,16:12:00,QC05_3,IMG_0013,2,,Btau,,
19/04/2023 14:52:00,19/04/2023,14:52:00,QC05_3,IMG_0199,1,,Btau,,
19/04/2023 16:28:00,19/04/2023,16:28:00,QC05_3,IMG_0207,1,,Btau,,
19/04/2023 18:04:00,19/04/2023,18:04:00,QC05_3,IMG_0249,1,,Btau,,
20/04/2023 9:15:00,20/04/2023,09:15:00,QC05_3,IMG_0294,1,,Btau,,
21/04/2023 9:16:00,21/04/2023,09:16:00,QC05_3,IMG_0321,1,,Btau,,
21/04/2023 13:17:00,21/04/2023,13:17:00,QC05_3,IMG_0381,1,,Btau,,
23/04/2023 8:59:00,23/04/2023,08:59:00,QC05_3,IMG_0430,1,,Btau,,
24/04/2023 11:54:00,24/04/2023,11:54:00,QC05_3,IMG_0463,1,,Btau,,
24/04/2023 14:05:00,24/04/2023,14:05:00,QC05_3,IMG_0474,5,,Btau,,
24/04/2023 17:44:00,24/04/2023,17:44:00,QC05_3,IMG_0640,1,,Btau,,
25/04/2023 14:42:00,25/04/2023,14:42:00,QC05_3,IMG_0663,2,,Btau,,
26/04/2023 8:20:00,26/04/2023,08:20:00,QC05_3,IMG_0681,2,,Btau,,
26/04/2023 10:39:00,26/04/2023,10:39:00,QC05_3,IMG_0690,1,,Btau,,
27/04/2023 10:30:00,27/04/2023,10:30:00,QC05_3,IMG_0724,3,,Btau,,
28/04/2023 17:04:00,28/04/2023,17:04:00,QC05_3,IMG_0791,1,,Btau,,
30/04/2023 16:24:00,30/04/2023,16:24:00,QC05_3,IMG_0273,1,,Btau,,
5/05/2023 11:19:00,05/05/2023,11:19:00,QC05_3,IMG_0482,2,,Btau,,
5/05/2023 16:00:00,05/05/2023,16:00:00,QC05_3,IMG_0486,1,,Btau,,
6/05/2023 7:41:00,06/05/2023,07:41:00,QC05_3,IMG_0529,2,,Btau,,
8/05/2023 8:30:00,08/05/2023,08:30:00,QC05_3,IMG_0672,1,,Ave_sp,,
9/05/2023 8:31:00,09/05/2023,08:31:00,QC05_3,IMG_0342,2,,Btau,,
9/05/2023 16:03:00,09/05/2023,16:03:00,QC05_3,IMG_0969,1,,Btau,,
10/05/2023 11:55:00,10/05/2023,11:55:00,QC05_3,IMG_0711,1,,Btau,,
10/05/2023 14:13:00,10/05/2023,14:13:00,QC05_3,IMG_0477,1,,Btau,,
10/05/2023 15:27:00,10/05/2023,15:27:00,QC05_3,IMG_0888,1,,Btau,,
11/05/2023 15:37:00,11/05/2023,15:37:00,QC05_3,IMG_0201,2,,Btau,,
13/05/2023 7:21:00,13/05/2023,07:21:00,QC05_3,IMG_0283,2,,Btau,,
16/05/2023 12:44:00,16/05/2023,12:44:00,QC05_3,IMG_0567,2,,Btau,,
16/05/2023 16:01:00,16/05/2023,16:01:00,QC05_3,IMG_0768,3,,Cfam,Pers_caballo,
19/05/2023 15:35:00,19/05/2023,15:35:00,QC05_3,IMG_0384,2,,Btau,,
20/05/2023 16:28:00,20/05/2023,16:28:00,QC05_3,IMG_0393,1,,Btau,,
22/05/2023 9:07:00,22/05/2023,09:07:00,QC05_3,IMG_0402,1,,Btau,,
28/05/2023 9:32:00,28/05/2023,09:32:00,QC05_3,IMG_0992,2,,Btau,,
28/05/2023 9:58:00,28/05/2023,09:58:00,QC05_3,IMG_0001,4,,Btau,,
29/05/2023 16:44:00,29/05/2023,16:44:00,QC05_3,IMG_0204,1,,Mgou,,
30/05/2023 12:16:00,30/05/2023,12:16:00,QC05_3,IMG_0210,2,,Btau,,
30/05/2023 14:30:00,30/05/2023,14:30:00,QC05_3,IMG_0222,1,,Btau,,
31/05/2023 10:17:00,31/05/2023,10:17:00,QC05_3,IMG_0231,2,,Btau,,
1/06/2023 0:52:00,01/06/2023,00:52:00,QC05_3,IMG_0240,1,,Btau,,
1/06/2023 17:05:00,01/06/2023,17:05:00,QC05_3,IMG_0258,2,,Btau,,
2/06/2023 10:52:00,02/06/2023,10:52:00,QC05_3,IMG_0277,1,,Rame,,
4/06/2023 10:45:00,04/06/2023,10:45:00,QC05_3,IMG_0323,1,,Btau,,
4/06/2023 13:07:00,04/06/2023,13:07:00,QC05_3,IMG_0324,1,,Btau,,
5/06/2023 16:56:00,05/06/2023,16:56:00,QC05_3,IMG_0365,1,,Btau,,
8/06/2023 1:31:00,08/06/2023,01:31:00,QC05_3,IMG_0374,2,,Btau,,
8/06/2023 2:27:00,08/06/2023,02:27:00,QC05_3,IMG_0381,1,,Btau,,
8/06/2023 12:41:00,08/06/2023,12:41:00,QC05_3,IMG_0386,1,,Btau,,
8/06/2023 14:00:00,08/06/2023,14:00:00,QC05_3,IMG_0409,2,,Btau,,
10/06/2023 9:28:00,10/06/2023,09:28:00,QC05_3,IMG_0817,1,,Btau,,
10/06/2023 11:16:00,10/06/2023,11:16:00,QC05_3,IMG_0819,1,,Btau,,
10/06/2023 13:30:00,10/06/2023,13:30:00,QC05_3,IMG_0824,1,,Btau,,
10/06/2023 14:32:00,10/06/2023,14:32:00,QC05_3,IMG_0837,2,,Btau,,
11/06/2023 17:18:00,11/06/2023,17:18:00,QC05_3,IMG_0930,1,,Btau,,
15/06/2023 12:13:00,15/06/2023,12:13:00,QC05_3,IMG_0084,1,,Btau,,
15/06/2023 13:46:00,15/06/2023,13:46:00,QC05_3,IMG_0088,2,,Btau,,
17/06/2023 11:00:00,17/06/2023,11:00:00,QC05_3,IMG_0651,5,,Btau,,
15/04/2023 12:50:00,15/04/2023,12:50:00,QC05_2,IMG_0005,1,,Btau,,
16/04/2023 3:25:00,16/04/2023,03:25:00,QC05_2,IMG_0020,1,,Btau,,
16/04/2023 15:47:00,16/04/2023,15:47:00,QC05_2,IMG_0032,1,,Btau,,
17/04/2023 22:30:00,17/04/2023,22:30:00,QC05_2,IMG_0036,1,,Lgym,,
18/04/2023 8:04:00,18/04/2023,08:04:00,QC05_2,IMG_0062,1,,Btau,,
20/04/2023 17:51:00,20/04/2023,17:51:00,QC05_2,IMG_0067,1,,Btau,,
21/04/2023 10:40:00,21/04/2023,10:40:00,QC05_2,IMG_0070,3,,Btau,,
21/04/2023 19:00:00,21/04/2023,19:00:00,QC05_2,IMG_0087,2,,Btau,,
22/04/2023 6:42:00,22/04/2023,06:42:00,QC05_2,IMG_0098,1,,Btau,,
22/04/2023 7:25:00,22/04/2023,07:25:00,QC05_2,IMG_0127,1,,Ecab,,
22/04/2023 8:29:00,22/04/2023,08:29:00,QC05_2,IMG_0140,2,,Ecab,,
23/04/2023 7:20:00,23/04/2023,07:20:00,QC05_2,IMG_0149,1,,Btau,,
28/04/2023 9:48:00,28/04/2023,09:48:00,QC05_2,IMG_0158,1,,Pers_caballo,,
28/04/2023 13:19:00,28/04/2023,13:19:00,QC05_2,IMG_0161,2,,Btau,,
29/04/2023 8:19:00,29/04/2023,08:19:00,QC05_2,IMG_0173,2,,Btau,,
29/04/2023 14:35:00,29/04/2023,14:35:00,QC05_2,IMG_0192,1,,Btau,,
29/04/2023 22:52:00,29/04/2023,22:52:00,QC05_2,IMG_0194,1,,Btau,,
30/04/2023 6:46:00,30/04/2023,06:46:00,QC05_2,IMG_0200,1,,Btau,,
30/04/2023 6:49:00,30/04/2023,06:49:00,QC05_2,IMG_0208,1,,Btau,,
2/05/2023 18:30:00,02/05/2023,18:30:00,QC05_2,IMG_0209,1,,Mgou,,
3/05/2023 9:12:00,03/05/2023,09:12:00,QC05_2,IMG_0212,3,,Cfam,Pers_caballo,Pers_trabajando
4/05/2023 13:02:00,04/05/2023,13:02:00,QC05_2,IMG_0218,1,,Btau,,
4/05/2023 14:01:00,04/05/2023,14:01:00,QC05_2,IMG_0221,1,,Btau,,
10/05/2023 1:56:00,10/05/2023,01:56:00,QC05_2,IMG_0224,2,,Ecab,,
10/05/2023 14:53:00,10/05/2023,14:53:00,QC05_2,IMG_0267,2,,Ecab,,
11/05/2023 7:52:00,11/05/2023,07:52:00,QC05_2,IMG_0312,3,,Ecab,,
13/05/2023 7:35:00,13/05/2023,07:35:00,QC05_2,IMG_0332,1,,Btau,,
14/05/2023 10:27:00,14/05/2023,10:27:00,QC05_2,IMG_0341,2,,Pers_caballo,,
18/05/2023 7:09:00,18/05/2023,07:09:00,QC05_2,IMG_0345,1,,Btau,,
19/05/2023 16:13:00,19/05/2023,16:13:00,QC05_2,IMG_0352,1,,Oori,,
25/05/2023 7:54:00,25/05/2023,07:54:00,QC05_2,IMG_0353,1,,Btau,,
25/05/2023 9:04:00,25/05/2023,09:04:00,QC05_2,IMG_0401,1,,Btau,,
29/05/2023 9:26:00,29/05/2023,09:26:00,QC05_2,IMG_0417,1,,Btau,,
29/05/2023 16:57:00,29/05/2023,16:57:00,QC05_2,IMG_0419,1,,Btau,,
30/05/2023 15:49:00,30/05/2023,15:49:00,QC05_2,IMG_0422,1,,Oori,,
3/06/2023 13:07:00,03/06/2023,13:07:00,QC05_2,IMG_0428,3,,Ave_sp,,
6/06/2023 19:36:00,06/06/2023,19:36:00,QC05_2,IMG_0433,1,,Ecab,,
10/06/2023 20:46:00,10/06/2023,20:46:00,QC05_2,IMG_0470,1,,Mamifero_sp,,
11/06/2023 8:21:00,11/06/2023,08:21:00,QC05_2,IMG_0473,1,,Btau,,
12/06/2023 1:43:00,12/06/2023,01:43:00,QC05_2,IMG_0477,1,,Mgou,,
16/06/2023 15:44:00,16/06/2023,15:44:00,QC05_2,IMG_0512,1,,Ccam,Z_cam_caida,
17/06/2023 7:46:00,17/06/2023,07:46:00,QC05_2,IMG_0523,1,,Btau,Z_cam_caida,
27/04/2023 16:09:00,27/04/2023,16:09:00,QC05_1,IMG_0007,1,,Zorro_sp,,
14/05/2023 9:20:00,14/05/2023,09:20:00,QC05_1,IMG_0010,1,,Btau,,
24/05/2023 13:36:00,24/05/2023,13:36:00,QC05_1,IMG_0014,3,,Btau,,
13/06/2023 10:37:00,13/06/2023,10:37:00,QC05_1,IMG_0025,1,,Btau,,
16/04/2023 9:28:00,16/04/2023,09:28:54,QC09_3,STC_1193,4,,Btau,,
16/04/2023 16:39:00,16/04/2023,16:39:11,QC09_3,STC_1214,1,,Btau,,
16/04/2023 16:39:00,16/04/2023,16:39:44,QC09_3,STC_1220,2,,Cfam,Pers_caballo,
16/04/2023 22:06:00,16/04/2023,22:06:28,QC09_3,STC_1225,4,,Ecab,,
18/04/2023 7:39:00,18/04/2023,07:39:23,QC09_3,STC_1399,5,,Btau,,
18/04/2023 8:48:00,18/04/2023,08:48:28,QC09_3,STC_1700,3,,Caur,,
18/04/2023 11:44:00,18/04/2023,11:44:28,QC09_3,STC_2677,1,,Rame,,
18/04/2023 12:38:00,18/04/2023,12:38:55,QC09_3,STC_3521,4,,Oori,,
18/04/2023 13:44:00,18/04/2023,13:44:18,QC09_3,STC_4503,2,,Caur,,
18/04/2023 16:09:00,18/04/2023,16:09:08,QC09_3,STC_6216,1,,Caur,,
18/04/2023 16:48:00,18/04/2023,16:48:04,QC09_3,STC_6593,5,,Oori,,
19/04/2023 6:56:00,19/04/2023,06:56:38,QC09_3,STC_7276,3,,Btau,,
19/04/2023 9:34:00,19/04/2023,09:34:12,QC09_3,STC_7315,3,,Pvir,,
19/04/2023 10:42:00,19/04/2023,10:42:18,QC09_3,STC_7318,4,,Oori,,
19/04/2023 15:34:00,19/04/2023,15:34:08,QC09_3,STC_7426,5,,Oori,,
20/04/2023 8:29:00,20/04/2023,08:29:36,QC09_3,STC_7531,2,,Oori,,
20/04/2023 9:06:00,20/04/2023,09:06:27,QC09_3,STC_7534,1,,Ave_sp,,
20/04/2023 10:26:00,20/04/2023,10:26:58,QC09_3,STC_7549,1,,Ave_sp,,
20/04/2023 17:12:00,20/04/2023,17:12:46,QC09_3,STC_7625,3,,Pobs,,
21/04/2023 20:14:00,21/04/2023,20:14:22,QC09_3,STC_9719,2,,Btau,,
22/04/2023 0:28:00,22/04/2023,00:28:56,QC09_3,STC_9758,1,,Btau,,
22/04/2023 8:01:00,22/04/2023,08:01:07,QC09_3,STC_9767,1,,Oori,,
23/04/2023 11:56:00,23/04/2023,11:56:56,QC09_3,STC_9784,2,,Btau,,
23/04/2023 13:56:00,23/04/2023,13:56:24,QC09_3,STC_9790,1,,Ecab,,
23/04/2023 15:54:00,23/04/2023,15:54:06,QC09_3,STC_9868,2,,Btau,,
23/04/2023 18:03:00,23/04/2023,18:03:18,QC09_3,STC_9898,1,,Btau,,
25/04/2023 18:16:00,25/04/2023,18:16:13,QC09_3,STC_9913,3,,Btau,,
25/04/2023 19:41:00,25/04/2023,19:41:05,QC09_3,STC_9919,3,,Ecab,,
25/04/2023 22:31:00,25/04/2023,22:31:01,QC09_3,STC_9952,2,,Ecab,,
26/04/2023 2:15:00,26/04/2023,02:15:51,QC09_3,STC_9962,1,,Ecab,,
26/04/2023 5:03:00,26/04/2023,05:03:51,QC09_3,STC_9983,1,,Ecab,,
26/04/2023 7:02:00,26/04/2023,07:02:15,QC09_3,STC_9991,1,,Btau,,
27/04/2023 8:23:00,27/04/2023,08:23:48,QC09_3,STC_9994,1,,Rame,,
28/04/2023 17:51:00,28/04/2023,17:51:24,QC09_3,STC_0037,2,,Rame,,
28/04/2023 18:41:00,28/04/2023,18:41:47,QC09_3,STC_0064,1,,Oori,,
28/04/2023 18:42:00,28/04/2023,18:42:01,QC09_3,STC_0067,1,,Chir,,
29/04/2023 8:38:00,29/04/2023,08:38:57,QC09_3,STC_0139,3,,Oori,,
29/04/2023 9:42:00,29/04/2023,09:42:23,QC09_3,STC_0205,3,,Rame,,
1/06/2023 11:37:22,01/06/2023,11:37:22,QC01_2,IMG_0091,1,,Chir,,
1/06/2023 16:28:07,01/06/2023,16:28:07,QC01_2,IMG_0098,1,,Chir,,
10/05/2023 10:48:30,10/05/2023,10:48:30,QC11_2,IMG_0097,1,,Ave_sp,,
10/05/2023 15:44:39,10/05/2023,15:44:39,QC11_2,IMG_0103,1,,Ave_sp,,
10/05/2023 17:42:17,10/05/2023,17:42:17,QC01_1,IMG_0175,1,,Ave_sp,,
10/05/2023 17:55:37,10/05/2023,17:55:37,QC11_2,IMG_0106,1,,Ave_sp,,
10/05/2023 20:29:48,10/05/2023,20:29:48,QC01_1,IMG_0178,1,,Dnov,,
10/05/2023 8:44:23,10/05/2023,08:44:23,QC01_1,IMG_0169,1,,Acaj,,
10/06/2023 15:29:47,10/06/2023,15:29:47,QC01_1,IMG_0271,2,,Chir,,
10/06/2023 8:54:34,10/06/2023,08:54:34,QC11_2,IMG_0190,1,,Btau,,
11/05/2023 10:05:54,11/05/2023,10:05:54,QC01_1,IMG_0187,1,,Acaj,,
11/06/2023 17:04:31,11/06/2023,17:04:31,QC11_2,IMG_0202,1,,Btau,,
12/05/2023 8:27:42,12/05/2023,08:27:42,QC01_3,IMG_0115,1,,Chir,,
12/06/2023 14:50:27,12/06/2023,14:50:27,QC01_3,IMG_0154,1,,Pobs,,
12/06/2023 16:46:33,12/06/2023,16:46:33,QC01_2,IMG_0109,2,,Chir,,
13/05/2023 7:27:41,13/05/2023,07:27:41,QC01_1,IMG_0193,1,,Ave_sp,,
13/06/2023 12:15:41,13/06/2023,12:15:41,QC11_2,IMG_0214,1,,Ave_sp,,
13/06/2023 17:14:39,13/06/2023,17:14:39,QC11_2,IMG_0217,1,,Truf,,
13/06/2023 6:24:03,13/06/2023,06:24:03,QC01_3,IMG_0160,1,,Pcan,,
14/05/2023 11:38:14,14/05/2023,11:38:14,QC11_3,IMG_0049,1,,Btau,,
14/05/2023 23:56:25,14/05/2023,23:56:25,QC01_3,IMG_0118,1,,Dnov,,
14/06/2023 10:41:53,14/06/2023,10:41:53,QC11_2,IMG_0220,1,,Ave_sp,,
15/04/2023 13:13:50,15/04/2023,13:13:50,QC01_1,IMG_0016,1,,Cfam,Obs_M,
15/04/2023 17:53:03,15/04/2023,17:53:03,QC01_1,IMG_0026,2,,Chir,,
15/04/2023 22:40:39,15/04/2023,22:40:39,QC01_1,IMG_0034,1,,Dnov,,
15/05/2023 15:24:47,15/05/2023,15:24:47,QC11_2,IMG_0109,1,,Ave_sp,,
15/06/2023 21:45:30,15/06/2023,21:45:30,QC01_1,IMG_0289,1,,Dnov,,
15/06/2023 7:43:29,15/06/2023,07:43:29,QC11_2,IMG_0223,1,,Ave_sp,,
16/04/2023 13:54:03,16/04/2023,13:54:03,QC11_3,IMG_0001,1,,Lgym,,
16/04/2023 16:23:10,16/04/2023,16:23:10,QC01_3,IMG_0016,3,,Chir,,
16/04/2023 23:35:47,16/04/2023,23:35:47,QC01_3,IMG_0036,1,,Dnov,,
16/05/2023 15:08:07,16/05/2023,15:08:07,QC11_2,IMG_0112,1,,Ave_sp,,
16/06/2023 10:03:48,16/06/2023,10:03:48,QC11_2,IMG_0226,1,,Truf,,
16/06/2023 17:30:02,16/06/2023,17:30:02,QC01_2,IMG_0115,1,,Chir,,
17/04/2023 17:19:09,17/04/2023,17:19:09,QC11_2,IMG_0010,1,,Ctho,,
17/05/2023 16:01:49,17/05/2023,16:01:49,QC01_1,IMG_0205,1,,Acaj,,
17/05/2023 4:21:09,17/05/2023,04:21:09,QC01_1,IMG_0199,1,,Ctho,,
18/04/2023 13:16:55,18/04/2023,13:16:55,QC01_3,IMG_0037,1,,Pobs,,
18/04/2023 17:57:48,18/04/2023,17:57:48,QC11_3,IMG_0033,1,,Btau,,
18/04/2023 17:57:48,18/04/2023,17:57:48,QC11_3,IMG_0031,1,,Btau,,
18/04/2023 18:02:05,18/04/2023,18:02:05,QC01_1,IMG_0076,1,,Ave_sp,,
18/04/2023 21:50:05,18/04/2023,21:50:05,QC01_1,IMG_0079,1,,Dalb,,
18/04/2023 23:03:43,18/04/2023,23:03:43,QC01_1,IMG_0085,1,,Ctho,,
19/04/2023 13:00:21,19/04/2023,13:00:21,QC01_3,IMG_0043,2,,Caur,Obs_A_J,
19/05/2023 16:00:03,19/05/2023,16:00:03,QC01_1,IMG_0214,1,,Chir,,
19/05/2023 23:13:06,19/05/2023,23:13:06,QC01_1,IMG_0220,1,,Dnov,,
19/05/2023 8:54:16,19/05/2023,08:54:16,QC01_1,IMG_0211,1,,Acaj,,
2/05/2023 13:37:24,02/05/2023,13:37:24,QC01_2,IMG_0034,2,,Chir,,
2/05/2023 19:54:03,02/05/2023,19:54:03,QC01_1,IMG_0153,1,,Dnov,,
20/04/2023 14:45:07,20/04/2023,14:45:07,QC11_2,IMG_0013,1,,Btau,,
20/04/2023 18:00:07,20/04/2023,18:00:07,QC01_3,IMG_0103,1,,Chir,,
20/05/2023 0:50:10,20/05/2023,00:50:10,QC01_3,IMG_0124,1,,Dnov,,
20/05/2023 11:13:12,20/05/2023,11:13:12,QC01_1,IMG_0232,1,,Acaj,,
21/04/2023 0:49:41,21/04/2023,00:49:41,QC01_1,IMG_0106,1,,Dalb,,
21/05/2023 17:01:40,21/05/2023,17:01:40,QC01_1,IMG_0238,1,,Acaj,,
21/05/2023 7:52:18,21/05/2023,07:52:18,QC11_2,IMG_0115,1,,Ave_sp,,
22/04/2023 4:09:11,22/04/2023,04:09:11,QC01_1,IMG_0112,1,,Ctho,,
22/05/2023 15:42:14,22/05/2023,15:42:14,QC01_1,IMG_0241,1,,Acaj,,
22/05/2023 16:00:56,22/05/2023,16:00:56,QC01_3,IMG_0127,1,,Chir,,
22/05/2023 20:40:51,22/05/2023,20:40:51,QC01_1,IMG_0244,1,,Dnov,,
23/04/2023 21:56:25,23/04/2023,21:56:25,QC11_3,IMG_0037,1,,Hhyd,,
23/04/2023 22:37:10,23/04/2023,22:37:10,QC01_1,IMG_0118,1,,Lwie,,
23/04/2023 23:04:43,23/04/2023,23:04:43,QC01_1,IMG_0121,1,,Dnov,,
23/05/2023 14:38:43,23/05/2023,14:38:43,QC01_1,IMG_0253,1,,Ave_sp,,
24/04/2023 9:10:04,24/04/2023,09:10:04,QC01_1,IMG_0130,1,,Ave_sp,,
25/04/2023 3:05:11,25/04/2023,03:05:11,QC01_1,IMG_0138,1,,Dnov,,
25/04/2023 9:54:52,25/04/2023,09:54:52,QC11_1,IMG_0001,3,,Ave_sp,,
25/05/2023 16:47:18,25/05/2023,16:47:18,QC01_2,IMG_0079,1,,Chir,,
25/05/2023 9:00:57,25/05/2023,09:00:57,QC11_3,IMG_0067,1,,Btau,,
26/04/2023 18:59:42,26/04/2023,18:59:42,QC01_3,IMG_0107,1,,Zorro_sp,,
26/05/2023 3:48:13,26/05/2023,03:48:13,QC01_1,IMG_0256,1,,Dnov,,
27/04/2023 12:04:42,27/04/2023,12:04:42,QC11_2,IMG_0025,1,,Btau,,
27/04/2023 14:19:09,27/04/2023,14:19:09,QC11_2,IMG_0061,1,,Btau,,
27/04/2023 8:16:33,27/04/2023,08:16:33,QC01_2,IMG_0019,2,,Chir,,
27/05/2023 11:50:12,27/05/2023,11:50:12,QC01_2,IMG_0082,2,,Chir,,
27/05/2023 23:12:41,27/05/2023,23:12:41,QC01_1,IMG_0259,1,,Ctho,,
28/04/2023 18:33:41,28/04/2023,18:33:41,QC01_1,IMG_0142,1,,Zorro_sp,,
29/04/2023 10:45:41,29/04/2023,10:45:41,QC11_2,IMG_0070,1,,Btau,,
3/06/2023 7:55:00,03/06/2023,07:55:00,QC11_2,IMG_0127,1,,Oari,,
30/04/2023 16:13:06,30/04/2023,16:13:06,QC11_2,IMG_0085,1,,Btau,,
30/05/2023 22:56:51,30/05/2023,22:56:51,QC01_1,IMG_0262,1,,Dnov,,
31/05/2023 11:14:28,31/05/2023,11:14:28,QC01_3,IMG_0148,2,,Pobs,,
31/05/2023 8:04:07,31/05/2023,08:04:07,QC01_3,IMG_0136,3,,Chir,,
5/06/2023 9:23:15,05/06/2023,09:23:15,QC01_2,IMG_0103,1,,Chir,,
6/05/2023 12:00:26,06/05/2023,12:00:26,QC01_1,IMG_0157,1,,Acaj,,
6/05/2023 2:58:13,06/05/2023,02:58:13,QC01_1,IMG_0154,1,,Zorro_sp,,
6/06/2023 15:23:00,06/06/2023,15:23:00,QC11_2,IMG_0130,1,,Btau,,
7/06/2023 16:51:22,07/06/2023,16:51:22,QC01_2,IMG_0106,1,,Chir,,
7/06/2023 17:33:04,07/06/2023,17:33:04,QC11_2,IMG_0163,2,,Btau,,
7/06/2023 9:26:08,07/06/2023,09:26:08,QC11_2,IMG_0148,1,,Btau,,
8/05/2023 14:47:23,08/05/2023,14:47:23,QC01_2,IMG_0067,1,,Chir,,
8/06/2023 8:54:01,08/06/2023,08:54:01,QC11_3,IMG_0109,1,,Btau,,
9/05/2023 17:35:58,09/05/2023,17:35:58,QC01_2,IMG_0073,1,,Chir,,
9/05/2023 19:07:15,09/05/2023,19:07:15,QC01_1,IMG_0166,1,,Zorro_sp,,
9/05/2023 23:55:19,09/05/2023,23:55:19,QC01_2,IMG_0076,1,,Chir,,
9/05/2023 7:29:32,09/05/2023,07:29:32,QC01_1,IMG_0163,1,,Ave_sp,,
9/06/2023 8:25:32,09/06/2023,08:25:32,QC11_2,IMG_0184,1,,Oari,,
17/04/2023 2:49:00,17/04/2023,02:49:49,QC07_1,IMG_0001,1,,Gato_sp,,
18/04/2023 7:16:00,18/04/2023,07:16:34,QC07_1,IMG_0010,3,,Btau,,
18/04/2023 15:47:00,18/04/2023,15:47:41,QC07_1,IMG_0017,1,,Btau,,
18/04/2023 19:45:00,18/04/2023,19:45:47,QC07_1,IMG_0019,1,,Ctho,,
21/04/2023 11:38:00,21/04/2023,11:38:58,QC07_1,IMG_0025,1,,Btau,,
21/04/2023 12:51:00,21/04/2023,12:51:13,QC07_1,IMG_0028,2,,Btau,,
22/04/2023 16:50:00,22/04/2023,16:50:51,QC07_1,IMG_0031,1,,Btau,,
23/04/2023 15:29:00,23/04/2023,15:29:26,QC07_1,IMG_0034,1,,Ecab,,
26/04/2023 14:31:00,26/04/2023,14:31:14,QC07_1,IMG_0040,1,,Btau,,
27/04/2023 7:36:00,27/04/2023,07:36:17,QC07_1,IMG_0043,3,,Btau,,
27/04/2023 9:30:00,27/04/2023,09:30:36,QC07_1,IMG_0070,4,,Oori,,
27/04/2023 11:32:00,27/04/2023,11:32:10,QC07_1,IMG_0073,2,,Btau,,
27/04/2023 17:40:00,27/04/2023,17:40:36,QC07_1,IMG_0076,1,,Btau,,
29/04/2023 3:02:00,29/04/2023,03:02:05,QC07_1,IMG_0079,1,,Ecab,,
29/04/2023 10:43:00,29/04/2023,10:43:53,QC07_1,IMG_0085,2,,Pers_caballo,Pers_trabajando,
1/05/2023 0:25:00,01/05/2023,00:25:28,QC07_1,IMG_0088,1,,Ecab,,
1/05/2023 0:33:00,01/05/2023,00:33:13,QC07_1,IMG_0098,1,,Btau,,
1/05/2023 3:32:00,01/05/2023,03:32:03,QC07_1,IMG_0170,2,,Btau,,
1/05/2023 7:14:00,01/05/2023,07:14:51,QC07_1,IMG_0478,2,,Btau,,
7/05/2023 13:48:00,07/05/2023,13:48:59,QC07_1,IMG_0484,1,,Ecab,,
9/05/2023 9:16:00,09/05/2023,09:16:20,QC07_1,IMG_0487,1,,Btau,,
12/05/2023 7:02:00,12/05/2023,07:02:18,QC07_1,IMG_0498,1,,Btau,,
14/05/2023 7:32:00,14/05/2023,07:32:00,QC07_1,IMG_0514,1,,Btau,,
18/05/2023 13:37:00,18/05/2023,13:37:51,QC07_1,IMG_0520,1,,Ecab,,
19/05/2023 7:39:00,19/05/2023,07:39:25,QC07_1,IMG_0523,1,,Btau,,
28/05/2023 7:06:00,28/05/2023,07:06:28,QC07_1,IMG_0535,1,,Ecab,,
28/05/2023 14:52:00,28/05/2023,14:52:53,QC07_1,IMG_0538,1,,Ave_sp,,
2/06/2023 14:00:00,02/06/2023,14:00:17,QC07_1,IMG_0547,1,,Btau,,
3/06/2023 2:03:00,03/06/2023,02:03:47,QC07_1,IMG_0553,1,,Btau,,
5/06/2023 16:23:00,05/06/2023,16:23:58,QC07_1,IMG_0601,1,,Btau,,
5/06/2023 19:16:00,05/06/2023,19:16:20,QC07_1,IMG_0604,1,,Btau,,
6/06/2023 6:22:00,06/06/2023,06:22:12,QC07_1,IMG_0613,2,,Btau,,
9/06/2023 10:32:00,09/06/2023,10:32:12,QC07_1,IMG_0666,1,,Btau,,
13/06/2023 7:46:00,13/06/2023,07:46:09,QC07_1,IMG_0669,1,,Btau,,
14/06/2023 7:54:00,14/06/2023,07:54:26,QC07_1,IMG_0672,1,,Btau,,
15/06/2023 8:33:00,15/06/2023,08:33:57,QC07_1,IMG_0675,1,,Btau,,
17/06/2023 12:23:00,17/06/2023,12:23:51,QC07_1,IMG_0690,1,,Btau,,
15/04/2023 23:06:00,15/04/2023,23:06:58,QC07_2,IMG_0001,1,,Lwie,,
19/04/2023 1:04:00,19/04/2023,01:04:14,QC07_2,IMG_0016,1,,Ctho,,
19/04/2023 7:29:00,19/04/2023,07:29:30,QC07_2,IMG_0022,1,,Ave_sp,,
19/04/2023 14:47:00,19/04/2023,14:47:10,QC07_2,IMG_0026,1,,Ctho,,
19/04/2023 15:29:00,19/04/2023,15:29:39,QC07_2,IMG_0040,1,,Mgou,,
20/04/2023 18:03:00,20/04/2023,18:03:24,QC07_2,IMG_0043,2,,Ctho,,
21/04/2023 11:09:00,21/04/2023,11:09:21,QC07_2,IMG_0049,1,,Cchr,,
21/04/2023 12:06:00,21/04/2023,12:06:03,QC07_2,IMG_0061,1,,Lver,,
23/04/2023 11:14:00,23/04/2023,11:14:36,QC07_2,IMG_0064,1,,Lver,,
24/04/2023 4:44:00,24/04/2023,04:44:35,QC07_2,IMG_0076,1,,Ctho,,
24/04/2023 20:32:00,24/04/2023,20:32:25,QC07_2,IMG_0079,1,,Esex,,
25/04/2023 4:09:00,25/04/2023,04:09:56,QC07_2,IMG_0088,1,,Ctho,,
25/04/2023 23:36:00,25/04/2023,23:36:18,QC07_2,IMG_0091,1,,Lgeo,,
26/04/2023 11:36:00,26/04/2023,11:36:20,QC07_2,IMG_0094,1,,Lver,,
27/04/2023 17:26:00,27/04/2023,17:26:06,QC07_2,IMG_0100,1,,Lver,,
28/04/2023 12:05:00,28/04/2023,12:05:33,QC07_2,IMG_0103,1,,Truf,,
28/04/2023 22:51:00,28/04/2023,22:51:14,QC07_2,IMG_0106,1,,Mamifero_sp,,
29/04/2023 18:46:00,29/04/2023,18:46:43,QC07_2,IMG_0109,1,,Lgym,,
30/04/2023 17:01:00,30/04/2023,17:01:27,QC07_2,IMG_0112,1,,Lver,,
1/05/2023 2:42:00,01/05/2023,02:42:46,QC07_2,IMG_0115,2,,Ctho,,
1/05/2023 6:56:00,01/05/2023,06:56:19,QC07_2,IMG_0125,1,,Ctho,,
3/05/2023 18:43:00,03/05/2023,18:43:37,QC07_2,IMG_0130,2,,Ctho,,
4/05/2023 16:44:00,04/05/2023,16:44:02,QC07_2,IMG_0133,1,,Lver,,
5/05/2023 0:59:00,05/05/2023,00:59:09,QC07_2,IMG_0142,1,,Dnov,,
5/05/2023 3:24:00,05/05/2023,03:24:33,QC07_2,IMG_0145,1,,Lwie,,
6/05/2023 7:20:00,06/05/2023,07:20:27,QC07_2,IMG_0163,1,,Ctho,,
8/05/2023 3:41:00,08/05/2023,03:41:04,QC07_2,IMG_0166,1,,Ctho,,
8/05/2023 20:44:00,08/05/2023,20:44:11,QC07_2,IMG_0169,1,,Lwie,,
10/05/2023 5:25:00,10/05/2023,05:25:54,QC07_2,IMG_0173,1,,Ctho,,
13/05/2023 20:55:00,13/05/2023,20:55:31,QC07_2,IMG_0175,1,,Dnov,,
15/05/2023 8:56:00,15/05/2023,08:56:26,QC07_2,IMG_0178,1,,Lver,,
16/05/2023 5:29:00,16/05/2023,05:29:02,QC07_2,IMG_0181,2,,Ctho,,
16/05/2023 16:59:00,16/05/2023,16:59:16,QC07_2,IMG_0190,1,,Lver,,
17/05/2023 6:09:00,17/05/2023,06:09:25,QC07_2,IMG_0194,2,,Ctho,,
17/05/2023 15:09:00,17/05/2023,15:09:30,QC07_2,IMG_0202,1,,Lver,,
18/05/2023 17:09:00,18/05/2023,17:09:11,QC07_2,IMG_0205,1,,Lver,,
19/05/2023 8:50:00,19/05/2023,08:50:09,QC07_2,IMG_0208,1,,Ave_sp,,
20/05/2023 16:32:00,20/05/2023,16:32:26,QC07_2,IMG_0211,2,,Lver,,
23/05/2023 11:42:00,23/05/2023,11:42:24,QC07_2,IMG_0217,1,,Ave_sp,,
24/05/2023 9:47:00,24/05/2023,09:47:16,QC07_2,IMG_0223,1,,Truf,,
26/05/2023 8:49:00,26/05/2023,08:49:47,QC07_2,IMG_0226,1,,Lver,,
29/05/2023 13:41:00,29/05/2023,13:41:41,QC07_2,IMG_0229,1,,Truf,,
30/05/2023 12:13:00,30/05/2023,12:13:13,QC07_2,IMG_0232,1,,Truf,,
3/06/2023 9:45:00,03/06/2023,09:45:05,QC07_2,IMG_0235,1,,Truf,,
15/04/2023 22:26:00,15/04/2023,22:26:05,QC07_3,IMG_0008,1,,Ctho,,
17/04/2023 10:00:00,17/04/2023,10:00:23,QC07_3,IMG_0028,1,,Ave_sp,,
17/04/2023 10:33:00,17/04/2023,10:33:17,QC07_3,IMG_0032,1,,Ctho,,
17/04/2023 23:47:00,17/04/2023,23:47:37,QC07_3,IMG_0040,1,,Ctho,,
18/04/2023 20:07:00,18/04/2023,20:07:43,QC07_3,IMG_0058,1,,Lgym,,
21/04/2023 9:06:00,21/04/2023,09:06:31,QC07_3,IMG_0065,1,,Lgym,,
26/04/2023 14:57:00,26/04/2023,14:57:47,QC07_3,IMG_0070,1,,Cfam,,
3/05/2023 9:08:00,03/05/2023,09:08:13,QC07_3,IMG_0077,1,,Oori,,
21/05/2023 17:54:00,21/05/2023,17:54:23,QC07_3,IMG_0084,1,,Oori,,
24/05/2023 7:47:00,24/05/2023,07:47:28,QC07_3,IMG_0085,2,,Oori,,
25/05/2023 9:53:00,25/05/2023,09:53:50,QC07_3,IMG_0103,2,,Oori,,
28/05/2023 9:12:00,28/05/2023,09:12:44,QC07_3,IMG_0116,2,,Oori,,
2/06/2023 8:25:00,02/06/2023,08:25:47,QC07_3,IMG_0129,1,,Oori,,
10/06/2023 8:44:00,10/06/2023,08:44:08,QC07_3,IMG_0137,1,,Oori,,
15/06/2023 9:44:00,15/06/2023,09:44:03,QC07_3,IMG_0139,1,,Oori,,
16/04/2023 12:27:00,16/04/2023,12:27:43,QC08_1,IMG_0001,2,,Cfam,,
18/04/2023 18:04:00,18/04/2023,06:04:44,QC08_1,IMG_0007,1,,Btau,,
19/04/2023 20:59:00,19/04/2023,08:59:54,QC08_1,IMG_0010,2,,Btau,,
21/04/2023 8:50:00,21/04/2023,08:50:33,QC08_1,IMG_0016,1,,Lver,,
21/04/2023 11:42:00,21/04/2023,11:42:09,QC08_1,IMG_0019,1,,Btau,,
21/04/2023 18:28:00,21/04/2023,06:28:26,QC08_1,IMG_0022,1,,No_Id,,
22/04/2023 9:15:00,22/04/2023,09:15:48,QC08_1,IMG_0025,2,,Pobs,,
23/04/2023 6:27:00,23/04/2023,06:27:49,QC08_1,IMG_0031,1,,Ctho,,
23/04/2023 15:06:00,23/04/2023,03:06:51,QC08_1,IMG_0058,1,,Cfam,,
23/04/2023 17:21:00,23/04/2023,05:21:05,QC08_1,IMG_0065,1,,Btau,cam_corrida,
7/06/2023 23:06:00,07/06/2023,11:06:21,QC08_1,IMG_0070,1,,Btau,,
23/04/2023 19:57:00,23/04/2023,07:57:37,QC08_1,IMG_0097,1,,Mgou,Obs_M,
25/04/2023 3:11:00,25/04/2023,03:11:08,QC08_1,IMG_0103,1,,Btau,,
25/04/2023 6:39:00,25/04/2023,06:39:39,QC08_1,IMG_0118,1,,Btau,,
25/04/2023 9:44:00,25/04/2023,09:44:48,QC08_1,IMG_0142,1,,Btau,,
8/06/2023 3:34:00,08/06/2023,03:34:40,QC08_1,IMG_0142,1,,Dnov,,
27/04/2023 14:28:00,27/04/2023,02:28:23,QC08_1,IMG_0154,2,,Btau,,
8/06/2023 20:27:00,08/06/2023,08:27:07,QC08_1,IMG_0157,1,,Dnov,,
9/06/2023 5:58:00,09/06/2023,05:58:59,QC08_1,IMG_0161,1,,Btau,,
9/06/2023 6:14:00,09/06/2023,06:14:45,QC08_1,IMG_0166,1,,Dnov,,
10/06/2023 2:17:00,10/06/2023,02:17:17,QC08_1,IMG_0169,1,,Dnov,,
10/06/2023 3:24:00,10/06/2023,03:24:49,QC08_1,IMG_0175,1,,Btau,,
10/06/2023 8:32:00,10/06/2023,08:32:21,QC08_1,IMG_0199,1,,Btau,,
10/06/2023 11:36:00,10/06/2023,11:36:11,QC08_1,IMG_0223,1,,Btau,,
13/06/2023 16:45:00,13/06/2023,04:45:49,QC08_1,IMG_0226,1,,Pobs,,
13/06/2023 17:45:00,13/06/2023,05:45:09,QC08_1,IMG_0229,1,,Mgou,Obs_H,
27/04/2023 16:11:00,27/04/2023,04:11:27,QC08_1,IMG_0232,1,,Btau,,
13/06/2023 18:18:00,13/06/2023,06:18:45,QC08_1,IMG_0235,1,,Btau,,
27/04/2023 17:40:00,27/04/2023,05:40:26,QC08_1,IMG_0238,2,,Btau,,
29/04/2023 9:12:00,29/04/2023,09:12:08,QC08_1,IMG_0259,1,,Btau,,
30/04/2023 0:21:00,30/04/2023,12:21:04,QC08_1,IMG_0268,1,,Dnov,,
2/05/2023 2:19:00,02/05/2023,02:19:22,QC08_1,IMG_0277,1,,Dalb,,
4/05/2023 5:03:00,04/05/2023,05:03:33,QC08_1,IMG_0283,1,,Sscr,,
15/06/2023 12:56:00,15/06/2023,12:56:32,QC08_1,IMG_0284,1,,Btau,,
7/05/2023 1:24:00,07/05/2023,01:24:10,QC08_1,IMG_0287,1,,Ctho,,
12/05/2023 3:40:00,12/05/2023,03:40:43,QC08_1,IMG_0289,1,,Btau,,
15/06/2023 20:48:00,15/06/2023,08:48:31,QC08_1,IMG_0301,1,,Dnov,,
16/06/2023 8:25:00,16/06/2023,08:25:49,QC08_1,IMG_0313,1,,Btau,,
12/05/2023 10:34:00,12/05/2023,10:34:52,QC08_1,IMG_0385,1,,Btau,,
12/05/2023 14:35:00,12/05/2023,02:35:14,QC08_1,IMG_0406,1,,Btau,,
13/05/2023 18:39:00,13/05/2023,06:39:35,QC08_1,IMG_0415,1,,Mgou,Obs_M,
14/05/2023 0:54:00,14/05/2023,12:54:39,QC08_1,IMG_0418,1,,Lgym,,
14/05/2023 21:04:00,14/05/2023,09:04:07,QC08_1,IMG_0431,1,,Dnov,,
15/05/2023 13:58:00,15/05/2023,01:58:20,QC08_1,IMG_0436,1,,Btau,,
16/05/2023 1:32:00,16/05/2023,01:32:10,QC08_1,IMG_0445,1,,Dnov,,
17/05/2023 13:12:00,17/05/2023,01:12:07,QC08_1,IMG_0451,1,,Btau,,
17/05/2023 17:06:00,17/05/2023,05:06:58,QC08_1,IMG_0457,1,,Btau,,
18/05/2023 16:35:00,18/05/2023,04:35:22,QC08_1,IMG_0460,1,,Btau,,
18/05/2023 21:39:00,18/05/2023,09:39:59,QC08_1,IMG_0468,1,,Dnov,,
19/05/2023 3:59:00,19/05/2023,03:59:50,QC08_1,IMG_0472,1,,Dnov,,
19/05/2023 10:41:00,19/05/2023,10:41:15,QC08_1,IMG_0475,1,,Btau,,
19/05/2023 13:05:00,19/05/2023,01:05:22,QC08_1,IMG_0481,2,,Btau,,
23/05/2023 11:11:00,23/05/2023,11:11:21,QC08_1,IMG_0514,1,,Lver,,
25/05/2023 20:21:00,25/05/2023,08:21:10,QC08_1,IMG_0517,1,,Mgou,,
27/05/2023 13:31:00,27/05/2023,01:31:01,QC08_1,IMG_0525,1,,Btau,,
28/05/2023 17:21:00,28/05/2023,05:21:21,QC08_1,IMG_0584,2,,Mgou,Obs_H_J,
29/05/2023 21:12:00,29/05/2023,09:12:49,QC08_1,IMG_0593,1,,Btau,,
30/05/2023 0:14:00,30/05/2023,12:14:34,QC08_1,IMG_0646,1,,Btau,,
30/05/2023 8:15:00,30/05/2023,08:15:06,QC08_1,IMG_0700,1,,Btau,,
31/05/2023 8:31:00,31/05/2023,08:31:50,QC08_1,IMG_0709,2,,Pobs,,
31/05/2023 16:08:00,31/05/2023,04:08:59,QC08_1,IMG_0718,1,,Btau,,
3/06/2023 8:14:00,03/06/2023,08:14:43,QC08_1,IMG_0724,2,,Lver,,
3/06/2023 16:26:00,03/06/2023,04:26:18,QC08_1,IMG_0727,1,,Btau,,
3/06/2023 17:22:00,03/06/2023,05:22:20,QC08_1,IMG_0733,1,,Mgou,Obs_H,
4/06/2023 0:20:00,04/06/2023,12:20:21,QC08_1,IMG_0739,1,,Btau,,
4/06/2023 23:11:00,04/06/2023,11:11:21,QC08_1,IMG_0778,1,,Mgou,,
5/06/2023 22:30:00,05/06/2023,10:30:50,QC08_1,IMG_0784,2,,Mgou,,
6/06/2023 0:46:00,06/06/2023,12:46:55,QC08_1,IMG_0790,1,,Mgou,Obs_H,
6/06/2023 2:23:00,06/06/2023,02:23:24,QC08_1,IMG_0793,1,,Mgou,Obs_H,
6/06/2023 17:30:00,06/06/2023,05:30:56,QC08_1,IMG_0796,1,,Btau,,
6/06/2023 20:30:00,06/06/2023,08:30:54,QC08_1,IMG_0826,1,,Dnov,,
6/06/2023 22:54:00,06/06/2023,10:54:35,QC08_1,IMG_0835,2,,Btau,,
7/06/2023 1:02:00,07/06/2023,01:02:02,QC08_1,IMG_0848,1,,Btau,,
17/04/2023 4:09:00,17/04/2023,04:09:37,QC08_2,IMG_0012,1,,Lwie,,
29/04/2023 19:54:00,29/04/2023,07:54:32,QC08_2,IMG_0026,1,,Lgym,,
10/05/2023 17:25:00,10/05/2023,05:25:42,QC08_2,IMG_0038,1,,Lgym,,
15/05/2023 5:06:00,15/05/2023,05:06:24,QC08_2,IMG_0044,1,,Dnov,,
24/05/2023 11:49:00,24/05/2023,11:49:28,QC08_2,IMG_0047,1,,Mgou,,
15/04/2023 13:42:00,15/04/2023,13:42:16,QC01ADD,STC_0016,1,,Cfam,,
25/04/2023 13:37:00,25/04/2023,13:37:51,QC01ADD,STC_0241,1,,Cfam,,
1/05/2023 15:16:00,01/05/2023,15:16:05,QC01ADD,STC_0307,1,,Cfam,,
24/04/2023 18:31:00,24/04/2023,18:31:35,QC01ADD,STC_0235,1,,Mgou,,
28/05/2023 9:30:00,28/05/2023,09:30:19,QC01ADD,STC_0446,1,,Oori,,
18/05/2023 18:36:00,18/05/2023,18:36:44,QC01ADD,STC_0385,1,,Sscr,,
20/05/2023 8:18:00,20/05/2023,08:18:28,QC01ADD,STC_0439,1,,Sscr,,
12/05/2023 23:10:00,12/05/2023,23:10:28,QC01ADD,STC_0382,1,,Zorro_sp,,
20/04/2023 14:44:00,20/04/2023,14:44:46,QC01ADD,STC_0223,1,,No_Id,,
22/04/2023 0:00:00,22/04/2023,00:00:45,QC01ADD,STC_0229,1,,No_Id,,
9/06/2023 15:52:00,09/06/2023,15:52:15,QC01ADD,STC_0448,2,,Cfam,,
1/05/2023 13:59:00,01/05/2023,13:59:34,QC01ADD,STC_0301,2,,Oori,,
19/05/2023 21:57:00,19/05/2023,21:57:26,QC01ADD,STC_0419,3,,Sscr,,
19/05/2023 12:08:00,19/05/2023,12:08:37,QC01ADD,STC_0391,5,,Sscr,,
1/05/2023 10:00:00,01/05/2023,10:00:11,QC01ADD,STC_0268,8,,Oori,,
7/05/2023 12:05:00,07/05/2023,12:05:49,QC02ADD,IMG_0046,1,,Ccam,,
14/06/2023 15:31:00,14/06/2023,15:31:20,QC02ADD,IMG_0121,1,,Cfam,,
24/04/2023 23:04:00,24/04/2023,23:04:12,QC02ADD,IMG_0023,1,,Dnov,,
27/04/2023 20:17:00,27/04/2023,20:17:38,QC02ADD,IMG_0027,1,,Dnov,,
18/05/2023 1:36:00,18/05/2023,01:36:24,QC02ADD,IMG_0096,1,,Dsep,,
31/05/2023 10:06:00,31/05/2023,10:06:07,QC02ADD,IMG_0115,1,,Gcuj,,
19/05/2023 0:17:00,19/05/2023,00:17:54,QC02ADD,IMG_0099,1,,Leur,,
21/05/2023 23:49:00,21/05/2023,23:49:47,QC02ADD,IMG_0100,1,,Leur,,
26/05/2023 1:27:00,26/05/2023,01:27:50,QC02ADD,IMG_0108,1,,Leur,,
26/05/2023 7:03:00,26/05/2023,07:03:46,QC02ADD,IMG_0111,1,,Leur,,
28/05/2023 14:56:00,28/05/2023,14:56:32,QC02ADD,IMG_0112,1,,Lgeo,,
17/04/2023 17:47:00,17/04/2023,17:47:12,QC02ADD,IMG_0010,1,,Lwie,,
15/04/2023 18:13:00,15/04/2023,18:13:37,QC02ADD,IMG_0007,1,,Mgou,,
2/06/2023 8:14:00,02/06/2023,08:14:24,QC02ADD,IMG_0119,1,,Nmac,,
14/05/2023 10:28:00,14/05/2023,10:28:20,QC02ADD,IMG_0055,1,,Psul,,
29/04/2023 17:30:00,29/04/2023,17:30:38,QC02ADD,IMG_0028,4,,Oori,,
14/05/2023 16:41:00,14/05/2023,16:41:40,QC02ADD,IMG_0058,9,,Oori,,
4/16/2023  8:05:53 AM,,,QC09_2,IMG_0001,1,,Btau,,
4/28/2023  5:12:57 PM,,,QC09_1,IMG_0037,2,,Chir,,
4/18/2023  2:56:17 AM,,,QC09_2,IMG_0020,1,,Lwie,,
4/22/2023  4:17:05 AM,,,QC09_2,IMG_0037,1,,Lwie,,
6/2/2023  12:29:04 AM,,,QC09_2,IMG_0149,1,,Lwie,,
4/19/2023  3:47:22 AM,,,QC09_2,IMG_0025,1,,Pcan,,
6/16/2023  12:01:32 AM,,,QC09_2,IMG_0214,1,,Pcan,,
4/19/2023  10:14:12 AM,,,QC09_2,IMG_0028,1,,Btau,,
4/23/2023  2:37:23 PM,,,QC09_2,IMG_0043,1,,Btau,,
4/29/2023  11:51:37 AM,,,QC09_2,IMG_0046,2,,Chir,,
5/9/2023  11:48:33 AM,,,QC09_2,IMG_0058,6,,Cfam,,
5/10/2023  12:50:59 PM,,,QC09_2,IMG_0088,1,,Btau,,
5/10/2023  4:49:45 PM,,,QC09_2,IMG_0094,1,,Btau,,
5/14/2023  10:41:18 AM,,,QC09_2,IMG_0100,3,,Btau,,
5/16/2023  4:02:38 PM,,,QC09_2,IMG_0133,2,,Btau,,
6/9/2023  6:09:08 PM,,,QC09_2,IMG_0155,3,,Btau,,
6/11/2023  4:20:59 PM,,,QC09_2,IMG_0172,2,,Btau,,
6/12/2023  3:31:56 PM,,,QC09_2,IMG_0193,1,,Btau,,
6/16/2023  3:21:53 PM,,,QC09_2,IMG_0217,3,,Btau,,
